User1,243c2a151570c5273dc0c8070b0f1ece45511d4b230f0c3ae8e456c2485e77f0828f7ced31f10cae4e1962b766c2fed2a25ccc0c0385969b1512d28842ebe363b5cfb90019ca2b91ab53c2e34f987e9013c09938746a9f9beb0088c770aba7ba12fd6bda60e9a7add053ad7df19b7964b065869f007a95e49cf8ab1b2eb5820a7841ecf2672cfdfa082b55188f48015445d1af0f3466eba0c806b65a0a0e4433f9735d15db48d3f8a3db8c86299abac58e882e5f2ed112548a3f7742e3f57c6fd3e6d7c3674833df4698c32ecdb294800b8266e87a97e311c385e497d3e34c3b89a70a3722b5cfd74df0223f5d88428c335c6925da6bbf25b0bd4dea59e8cb4a
User1,243c2a151570c5273dc0c8070b0f1ece45511d4b230f0c3ae8e456c2485e77f0828f7ced31f10cae4e1962b766c2fed2a25ccc0c0385969b1512d28842ebe363b5cfb90019ca2b91ab53c2e34f987e9013c09938746a9f9beb0088c770aba7ba12fd6bda60e9a7add053ad7df19b7964b065869f007a95e49cf8ab1b2eb5820a7841ecf2672cfdfa082b55188f48015445d1af0f3466eba0c806b65a0a0e4433f9735d15db48d3f8a3db8c86299abac58e882e5f2ed112548a3f7742e3f57c6fd3e6d7c3674833df4698c32ecdb294800b8266e87a97e311c385e497d3e34c3b89a70a3722b5cfd74df0223f5d88428c335c6925da6bbf25b0bd4dea59e8cb4a
User2,48cdfc67ff5f7397a6227e6dd9a1b4301072be021d3de501a302f6f1ccf096d301ae9b5ef6a138ff7c58f5360ba1ac802aa47ac5c640a67150baeed6e822dda38d671ffd7965c08fa4d952235e601cb8ffb16023d7ded083882dfe57b8e93e895a80c45ca3acfb047b1d1ca1ca5761926cdc3a7347b84c55192108349fa0dbd84b13f8cffa9236db8db519c2e50993810ce5c8e59b8f1bb9f4c651cbf6d1b7ac84f1034d5c9c5263fa19c79ff92b8e81a49341e748c7cdc96c003304b7615f7cb44e5b4001dff7d87e8ffeac375e096eaea64bd803972e48bae772c33eb6c94efbd541a99c7cc7c91e35873c69c8d83e64556a5b420752d78b506c4827bd2e93
User2,5d76494b81632212b0edc83edb6dd344992134c8bcc337ac4a26d0aa7b0224ba921027cd0ecf1a9c7674cd84168ea753325bd6fd5376a40d84de109d2fa86f8f98cf4b98ddd01165ad611356f01591b6c51738f3f2df73ff532e190a65e84c668af1290099c3e97ddfb375dac562662332bbbe63ad1e8ef94fc92a8bfde689c0df77792e9105e0e260c4e168a3c9d4938c16c4fb3c1123521d6776112ddca24f729a98506f0757e88bf6f8310f42f43251f811784ab1313cf14d220fba17155406f15b29f9d060eca7271de16dc9445799b00cd9fa8b1f5517605e354f9e67521fa7cc123b7c0383b604f1f85034f062efac446017e2d079c6771cc7e123bfcc
User1,7f8dd8ff3585dbe61ed3a348e3c0c40b13002ef37322d2a51de055e094809fc6660589a82b7b86406bfcd3af3078c866aa8c7f5902d6a2aa87093b098d328a22bc6c09ad065a20e622a774221c0a3aeea4cbd80bd38b6c98f95474511ce8a4a70cf2cd94d1ff9ffffb010ead5e3c6a80db9967be67a9df84bf9218196fa407f44d1981286b36d3306eb080ba8ea873f4d749b6835368e951a6f938c33ffab4feaf157ce55d9413574691d1d74b01f51d10fc2a9a95a688b91ca246519855413ba4b827c17ea2c22b6b4aa747938c90d0bcb1692e009bc809ce871164b925eb203f837a6767ef2eca2f662be35be5fa8738d8a84d82f53c6efc6f5216db963fc2
User2,1d2b0b14a14f9ff72a8a7ee9de7b25ac2030db65f2331392e874795cfe6e19bb7667b2820e95eaa56fb69d5b00ab3fc599fd9ce3f5f80f5f2018665f356248a6eea82ce2af270990f31b53559fe02cad969c82b6164e1a2511760fcc0f7badb8ce4024547fc31d7fea3545628b57655796f983b329a77ba470425f80bad744597830e34853f3cf89922b75ac1f33fc976fc66af24b958d4844ac6117d99fe0873d7eb29c5ad320db2a0027d255b03cf0f3609604b4da7ff2386ee8ef3bcfda8e0d85dcce82e80720af25133f457b45e5e16165e0a56439112de2370bedc11be68445ce7f37bed3117edf93452a68caf8658e3e1c0657f177cce9f182d469a2b3
User1,603698d00544bf92bc6663d2399f3fba7e637b8a72e301bae671d636f60a8b07fd59508dacd8bcfc4640f8e4c9961779b275887236a827b6707852b120ea59087360a6114253ccc6b1ea6af384320ef8a786be26dc59d67a6fb0179e451f66d457698dc17deb1e19a15b4d37cde6bebe3c970f19f5bdf8b2418f1c8a98d5e6da91c00a76351df9c61376c290dd1da1d8fe9223477f7d9666943746fcb87189faab68ae042fd81c08017464b2bc9c3a1902eaeb03d5c03457db35ade773180f3c0a7dc12956afb6906c6142fa4beb4bf11a6fe44d39cd8d42d99295553fd54ec9f096cb788571192e59ea21d2fc4b8606e064ab5a539aa0a4b9f2f2df34291e19
User2,5d76494b81632212b0edc83edb6dd344992134c8bcc337ac4a26d0aa7b0224ba921027cd0ecf1a9c7674cd84168ea753325bd6fd5376a40d84de109d2fa86f8f98cf4b98ddd01165ad611356f01591b6c51738f3f2df73ff532e190a65e84c668af1290099c3e97ddfb375dac562662332bbbe63ad1e8ef94fc92a8bfde689c0df77792e9105e0e260c4e168a3c9d4938c16c4fb3c1123521d6776112ddca24f729a98506f0757e88bf6f8310f42f43251f811784ab1313cf14d220fba17155406f15b29f9d060eca7271de16dc9445799b00cd9fa8b1f5517605e354f9e67521fa7cc123b7c0383b604f1f85034f062efac446017e2d079c6771cc7e123bfcc
User1,89a0d01de1bed337ac34c0810a60e1720f4735085061ca26d7fb32e1e9f507effdc85d7f4959a59bfd4a93d10862cf8428a568d65ebc473e68cdd4099e4968dd2aa255622eb3a898310678d53db0cefd3899c19ba3abd496641e807ef1fe242124446c0036310c33e3376770c4cdba5e52d4fb0fa9092577cc774ce33784dcfefa65f205143a20272fea8c02a1ed60b9b27225f93bd97e28f064b1250fb21bb93b8fa08c0acaf67394d24f29788b55de23d1f4146d210d63bf5c1e0d59a177e3bb2c40a9dd2a407cd7c10e9e62f53c249499546fb16a2da5d98dc90dda1c27f9e9691a01477e1f008069baed0f04f69a5ec9f3f0b7c3ff3324e518b1c3f1fab6
User2,5e94127cb16adb7f836bbd56495811fc15eb05b4c40f289475c03bc374564d8ee7cc1cb3418c2ffa2321b91d11dd7fd05c73c6c8a63edfbcbd593a6511ad2b36bf5d9c11fcc2bde9368ff535bcc0b79ccd3ba2d1aefc56f96f638982d56a6e84f300ccc5c7ceaf99b32314f78babc6a88b819cffb5a72b0a7db6e1541efd6538d24c513d6495eae2649bd32429fb71b922a0e108a254231351b29d56d25371136e4d09a1e59a3fe8352541eb4dfe4161fdf3aa35ac17c1a0f82aa60fe682c7ef976aadce748ab0d0271e7299b6d5f00dcdc5e5ae56b5fe2e2bc9379f82a54d8edd45e293b9cbb5eb6be8e248530a628de055acd3adbf9cb487b604ff9ade04fe
User1,1f1f6adb4ee53b2fa505a81942af6e826ab80e144c193fe874499dad74a41d6aa719e366d5b5a7c88c47b0c81dbf65418ab06866881f07098842d5384c1cd66d83116c53e9b6e83ca79142fca89fb3aecc46ac8a1547d581cea854d58aa5a345c0d7801c8906642528fcd13b2109b624ebe34a01b3687d5a6563d68dfa345e5ae673ff52d805c4e2229cfc21fe1148aa07082bf30b4b3e1fd4eed61673d607acae1703718873fb9fa68caf1748303e8c6208de657ab9e09fa67ffb94e4a8198dee4d9c7b9e7d133cbf5675d735c46e8cdc96fa521d677398bd434be04555db3680eae05c15a73af039455f1aa7743f49aff71704cec17f79880fc20055cce536
User2,64811d9326404f132a082b8b5912c689dda6837693ad32c686f5ccd5fe8f103d802a6d2619e783ed4cd1722af2ef761548a295c5054ee1e5d384b4905274a98d8378df5def491ef497f9778d74701a0d0a20d26070ef0de1a12df2e1134afe4b2ec5dc1fba4753f830cc4a3d398ee6932ecbcf10e61fffdf99eb34979c367a615901cfdfdbb0aa707b8e113570bac179030521ab80585645061666b86c12b4d69cd50f00119c56c3fc408e8393eb9116c4498a8ae3fd4bba219503ff05a30fb8c0a7ff03abb9b843a4cd5c69df8c8c4351af2a52649dc7f8ec7d58eb60f7af5ffa8089f1596168be6620d8423db4a014dad156cb745809eb351035a8cd9cabba
User2,689e86d219bef48f7054f4d21c455971b50215d03818e2214ee4f764cdd57e2e07217f0ed014293b9eca826056227f2f5504f3f22ee4201cda3831cc549de0314cd78e60c2bffed1f22f6fffa51196643f3dc1220b2518dcdf1becd1dcb7d2b0abf5aadda33ed47ac75c64f0b3b32dcdafa27cae1c8d4f9999c9f10d8392fdf47dcc6af728bf2f42e960fc83e58ae345aa5e4d1ebb8d8ac476c6b38244dc659ca6151571f87764119b7b435351ed321a5547aaaf76813d443bdf74463d1b84e3deb216f57b8ba38b3983f803afd2a4510758192273954d33d73d9848fdf23c58292fa73c42f76fa0500fff102e52679d227178f0e8379a29354574a77991b8c1
User1,1ca69f9ccef9e80f340f2306a3831787a98ea26bb7ad7d435f0a5010858af22f402073f7a3a57367fd2e55d0a6c0b6aeab527b85c5235d2151674ce57b937ffba5a0a3576bc6615cd2b7ae8ac335cf200ce1a9591df8cb1c60a2cfc7650a7b4162f15b94c7590a1189dd339bab5699e9d34bc00c00e740f0063608c11f1950807999d1bf961813c7d8ee9c0f794acd62ac182ae3180f1f39f02167f7efc694ab4e006e74d6fe7d5df3db215b919bb0f293b719fcab2c2ccbf5c5ddbc47c49611cac1973121e62093842a739a4d62af003cb70b33f140947922aa0b148d44880749d6b14f94224b8829aecc8b3cb8a53195037dd1f6b0fc0ca7053255d7598c83
User1,780a42f4418f0282e1ec88c4b5caeadfabd44b553d77bf5fcb101fbbb3631402ab14620024ccb97a7254b59c022bed106eb6163a351bf5a87eee3b804b65fb5d233392023907539b461b201a2ad004630232a981bcaf9969702af0519bcc7a4c5ef604433a6c31f3545fb60408a7d1476f483e9bc8cefc92c1647576d957a966366479b07ae50a78971fdebe5b7f67fd7d65422f6771bf4e3103dbc6e405f469a125333a9c169cd90a97f71ebaf44ed3ed87dcd9c1fc285a5a726873bca90b6a154030503d4d8d99a54f7796e2799312a8d0a963c2524d819eed252e49655e2edf6db79bd08103a028794a20db3e521428009ead1e32db0889da49da5d4d253a
User2,bb094e11bee571fc055466165357be7ee72615b152d17ee7b7085298b73fc4ee9d8c87449ce3c3ea90cb20ab471918c31fe5c32e84cfca1ae234952ee3c124e729ef3033bd372777d13e09c002fc32fb3184bd458a2f86aeb6e9a032da95d01a30f179557bf86a16a1b5d5806d2d2079e478d9b55cae268510c004c32934cfa4ebd6140517531567192ddc91a07a38c84ec66d72b987ae7bfc9f6779de71eb7196398f15c9da6074a077ccbd86bf6c4f221acc002ea5c48b4505125322aae8c3c3be4159f85dcc82d3cbf2ea577f8ebeaee5e6d12f5044876e3bf74fd154c8c1a8a0bd282c89f1c8f795aea91e486a29393f82a343b262ac3fc152cde4c3cbe6
User1,478b90940f4cae3b3565f34e0b8d923734c134b78889f61c2f410c5255ac944139724d832288a6f2d5b7ec6e7a63701ff74272d71a1c8ea8b1774b28c0e7299daf20055de78e6f794ad61735687b6c236fdc902de28bd711f5dfdaf28c132e7b51acdf50d0295bcafdf0f7c74f3acb80925dffe9b2e4c878246ac9bf677720e69d789ae04c439921b1639d4e387345bc9cc2af713be21a7fe07ab7973facf0472fe65d6058a470bd62775c7c2d737ad2484dd46b8b57c38b05dddc8b31ee6bc6246332c7c787a2f6ab655677320ddea7b33bd4d333d57240ae12dbce414d2a934a5766fd6714a036e90328ce22f352bbc18a0424ba570801e5186e4d5863ec65
User2,b8e40fdcd97105e197c8c2423a388a5178a66294906d8a4c28da1970b94a180b2442ddd70a640103e4f5156b706d8b41c3f8b9671c866f6c89e3618d18976eae8b84fdc7e28a0236df448bf49d5701875f9b81bb2b1fcb154625956b6ca38b0c40a6c0620096fc74d96cffdd29093555643bc2940948c6b7d317a6c6de7ebd44278fb0550435212db208d9fa53e901623847ee8c3db5aff037915e1e5d611c4bdf29f7856d4f6e2b6ebd0200606b885187648d65cb25b5a26d6a0a6b19c649df7c744694c1edd3739268ab2ff5ed0489045fa95e8a51bd4f9da860b4e63753f055ed1725bf2fb652965cbf581c4e8eb4cbae4e390bd50bd1549935c2d9d59ea2
User1,89a0d01de1bed337ac34c0810a60e1720f4735085061ca26d7fb32e1e9f507effdc85d7f4959a59bfd4a93d10862cf8428a568d65ebc473e68cdd4099e4968dd2aa255622eb3a898310678d53db0cefd3899c19ba3abd496641e807ef1fe242124446c0036310c33e3376770c4cdba5e52d4fb0fa9092577cc774ce33784dcfefa65f205143a20272fea8c02a1ed60b9b27225f93bd97e28f064b1250fb21bb93b8fa08c0acaf67394d24f29788b55de23d1f4146d210d63bf5c1e0d59a177e3bb2c40a9dd2a407cd7c10e9e62f53c249499546fb16a2da5d98dc90dda1c27f9e9691a01477e1f008069baed0f04f69a5ec9f3f0b7c3ff3324e518b1c3f1fab6
User2,5e94127cb16adb7f836bbd56495811fc15eb05b4c40f289475c03bc374564d8ee7cc1cb3418c2ffa2321b91d11dd7fd05c73c6c8a63edfbcbd593a6511ad2b36bf5d9c11fcc2bde9368ff535bcc0b79ccd3ba2d1aefc56f96f638982d56a6e84f300ccc5c7ceaf99b32314f78babc6a88b819cffb5a72b0a7db6e1541efd6538d24c513d6495eae2649bd32429fb71b922a0e108a254231351b29d56d25371136e4d09a1e59a3fe8352541eb4dfe4161fdf3aa35ac17c1a0f82aa60fe682c7ef976aadce748ab0d0271e7299b6d5f00dcdc5e5ae56b5fe2e2bc9379f82a54d8edd45e293b9cbb5eb6be8e248530a628de055acd3adbf9cb487b604ff9ade04fe
User1,89a0d01de1bed337ac34c0810a60e1720f4735085061ca26d7fb32e1e9f507effdc85d7f4959a59bfd4a93d10862cf8428a568d65ebc473e68cdd4099e4968dd2aa255622eb3a898310678d53db0cefd3899c19ba3abd496641e807ef1fe242124446c0036310c33e3376770c4cdba5e52d4fb0fa9092577cc774ce33784dcfefa65f205143a20272fea8c02a1ed60b9b27225f93bd97e28f064b1250fb21bb93b8fa08c0acaf67394d24f29788b55de23d1f4146d210d63bf5c1e0d59a177e3bb2c40a9dd2a407cd7c10e9e62f53c249499546fb16a2da5d98dc90dda1c27f9e9691a01477e1f008069baed0f04f69a5ec9f3f0b7c3ff3324e518b1c3f1fab6
User2,5e94127cb16adb7f836bbd56495811fc15eb05b4c40f289475c03bc374564d8ee7cc1cb3418c2ffa2321b91d11dd7fd05c73c6c8a63edfbcbd593a6511ad2b36bf5d9c11fcc2bde9368ff535bcc0b79ccd3ba2d1aefc56f96f638982d56a6e84f300ccc5c7ceaf99b32314f78babc6a88b819cffb5a72b0a7db6e1541efd6538d24c513d6495eae2649bd32429fb71b922a0e108a254231351b29d56d25371136e4d09a1e59a3fe8352541eb4dfe4161fdf3aa35ac17c1a0f82aa60fe682c7ef976aadce748ab0d0271e7299b6d5f00dcdc5e5ae56b5fe2e2bc9379f82a54d8edd45e293b9cbb5eb6be8e248530a628de055acd3adbf9cb487b604ff9ade04fe
User1,7849aece34b13d5d3408c18ea7ad7f6a0016ae6e72a7e233ff553b6cce548db633751481c8bcb99ee11acacb1a4be886ea14b6d4e1c59d7317f4fbc092aada23ac8b766e2fd742af404a2af10534768dd2dfa01a0f94f943fd134823d92ae8d74d85eebbce5b6dd8206894401f634a90ad5a63459e8d8fc836b7bbd75eeed7fa1f1a0287bfea008d1d8aab9c57947d6e7d2b01be858c631fe7040c3ab4705ae16ffa997e30de0c2d5341eacd85af10a10482a63d1e7930a5e84340c30b7fde9218a3459fb9bfb3ac4a60092063b37c5e2e8e3d605a9d09f71badc513605d70cda506cdc22f90557e8c4224f021611b674dbff7ae437bd93e9a0017c9f0546ae5
User1,26ce90296e9abf3d886626a13e61ac175294bcb4f163303d98a6ee34f6b943237a8ab27578256fe97f216903f8060b3f6d82df6f7875f01b152272765873b4130ed7fd7406b215eb8171d6e4494d4803417d4aa7da82b72e8408dfb6118b588dab0c23de819642b686520fa020ea7ad446c1cfe746facf905ab37f4fcfe74e9c931553a7b439f21fb7d25cb704cb648fcc4588be05b72d6521d1ece9eb4f0b030a62cb802dfd1cc043a1b404dd5e3c4aed551a396ad4ea51186c81e567f47b1252d75c45e4bcecd782e029fb2555fcc69aeab85b8d1e4564db2f6bf34dbf2173c6dddc25de4d4294723bf112df9f12059336e6edbcbcbc4529b0bb99fd89b3c2
User1,7f8dd8ff3585dbe61ed3a348e3c0c40b13002ef37322d2a51de055e094809fc6660589a82b7b86406bfcd3af3078c866aa8c7f5902d6a2aa87093b098d328a22bc6c09ad065a20e622a774221c0a3aeea4cbd80bd38b6c98f95474511ce8a4a70cf2cd94d1ff9ffffb010ead5e3c6a80db9967be67a9df84bf9218196fa407f44d1981286b36d3306eb080ba8ea873f4d749b6835368e951a6f938c33ffab4feaf157ce55d9413574691d1d74b01f51d10fc2a9a95a688b91ca246519855413ba4b827c17ea2c22b6b4aa747938c90d0bcb1692e009bc809ce871164b925eb203f837a6767ef2eca2f662be35be5fa8738d8a84d82f53c6efc6f5216db963fc2
User1,967bf69cb7709118369e99623eab4adf0ac205dc44e485a208af2ae2a272f4bdec47d41c8ca630a1c8d9ebe901ef76de87a47dd35a76df52123fc821657eef869c57f9e3eccad4de417240e6df7f5931ab97ccd59146f0389a12c904b612f34d3e02546cb0f5438634a012cb4b4b66716b16cfbbdc2b7bf400e2994796aa593a634e13c307eac73cfe79f4a29a83e1bc6a04747fde8125aa272126e73893e55ee6ea69f5a76dd32708b3a7c31eaf8a3f4fb2bf2816d151f96313b284934c5d6b5a13e7645074d1df4c3467f4611e491caa4d037a6073378bd033a5f6f29c0a46d3d7026564793a046a9e7ad5cae2a137570965dc46be7000e37900c7a5e68f72
User1,adbd4def7c8c1ebdf129c90930f78f599ac1e50f51a5a8f493852b82ff27eb3cddc858a4b217f9350af102f72f788ab00a650cf2bf7f58c478b3e0774c6c6ee1335a158ef2d9b013da5fdd982cab5a08fd1fe183fd8a9abd74b75f4179206a7535aa854b0c748da8faac379e6ef319576efb2032b848d04f31041fc3a0a4874a7a74412d609010da6286ec59d7b9939ccf2a5e639ee18b6154f21e475fdd63176354c8b703521e025a8d3e23f315ccd49a9fdf4fbd802c2e7622697b4ae524c8bc5d3c4a8f793657ac7bdcd98923bdde2130051e85b524d5414fd715e7d2df568548bb49923e6a58acbe7b400072b2d27aa127b0e0ed218dfdcfd176896ed9815875b69335013a2e1801d4d6812253e8899e3f3674a861166c024f1387993983539cf888d4f3d4e27c23c58b509b5d7c844e292a6d20ace7930f528d615e3c0cc53f8afd8f015e35ea27356886eeda9ac26a7932e1fa7efd722917e5f20455caaa1cac31e8bf0b6396fbf3861f9b95d5548257aab43a20cb64b249596dbc4fa72aac6802c08ce4f69636920988a50427d303ecda19b8cc07f7c9e73cc7e19b4378415940146156d122d205cdee6e90836c69e58ce26919e31f820b510fec1a48a68a279bdb604b9c68d2c999917ae557f352e37f79f66ec1babd0be9e42f8d2fbfff1af5ba59c3b07fcc080f999816b2f3cba5feb787c47ed5a7365ac0b614d312c4723d98180f9806515dca315c64e7c943ccf4b4024058987af6d4d1d73c3574379ac58889e2114e70d685e38a599ee0730261e3c54019c6b912aaf0850a1ca32bc32f649bf16f6a2eda76af9d4e3ffccf5868576c7b5c977e787530d8de675c37542508d138b0d2102e313cac0000facfea1024e7951cbd84840bee424f27462aa6d64a919cb87888cc2f1c30f722cac4f17870a98a9afacc3de4dd22586feaaea6774f535bc8fb94eda587115415a80e3e1a82333a4e4d83f5245c1d0bd984711c5346561b3fdcf959b541fb831084a63940a88390df8800e28de0cebfb04700b8c19f6cb35a61bd4558c37c4f6cf51bfcea6495c27df778902c6df71f50458ddf63d7e65101062fb6fcbec9bc590f4506644ae01c70fbe37692e2e73a611e9a104432e84870e034220f7a7b4d26d4f05c43a2c9baf7f4204587149e2ae9496fbd06062e7357ffee83994d94f889c1b7b9e1ebe98804485b4d178d7c14de99e7ad2d2c17a4dbb4c3d588adc4f7b4967edbe1136ebe55017c3a62f3e6b2a0b4d86acab19ca6ab2ba610db4084ad668f6e757429e4c60d3f9b9e7add38cb0ac115af7a8886934e94391c3b1a55ceea042441581fa213ec4ce50b6ef900f5ed1689118b2fc1e026a2bcf230e47bfe94d3fe52c36de8584534986a1d6515bb8144aa26038c838bae66b18955d86c68f3cf008cbc4d9babec45ff7ac1c2089141
User1,4668b82efa227e2ef8e77b7562f32ff665bb5ff048ff56e61de3721e5670856891767f49d1e2f982f0d6f3ae38dc301e6115cf440b1ec1869bd338efb55e3bfd6c3a6e35e7a97a2c3000282a60b3c572bc584cae7e91eb5090a33861c84d07037e6b57cde8f25c51075411914a48bfad6eb2a62cd7e2d84bb3721148f95757753930fbf426bc95cea53ae5d614b0535140364546a8af1db929fd08a6956119d5825216146a65a2d74b45e12012c6d8418d879acfb431756495ef820e1c4add2154673c560942f812f2d23d7605993b2d57e1e7c244cabaf38a7118345f648c700584ab11cc086c27253c360f8000676de50fa941e6435ee5c6468e32de1c91ef04b8dd403ab67da8072c58afe88d41e72a3123a2f505da6089393a5f0575eb2eabcc00548814e33e84d445057c4209c0428306149411bd9eb3444749eed681bfa45ccafb7853a24f6ff32ce3a3a9b44b8ec1d057096feacd98a856bd859d3061a9ebb1bb4bf976c0510c11fb925f8fd094772d550ae80d73a69dbd9cded40aff21bea9221f30a514c2a2e26593c8da28133bd88490da19f2615804135542fee2ff9c844871784678446a07da36e7c9925e2a8efd86b25d01537472c2255637a903ab780c7dd0e757e07c6bce3d4c54b2ad34dddb401fb90e88fd2aec8ebcf4ea8eeae58ed86355661e42711a0d2fef6352c749dd620c3f3bcd90527eef0751c54969abf2b281714ff3e96822024392f0ac4ca90e6e8079f2e489ecf8a46c9e30ad51273797218a761f65f9218b2df17045e8d94329a313020785f6770d1e63b7f507bf48de762044a87e8758da4a89ef6e0dbbb081fdc0f0d5ba0a3dde87220974c0525d5ee422a008e384d1468378ce1fb8aaddac18e000231738e3310ab953bccc362f568d1f0b309a855a652c6e932a10e6b661197971badbc0b064967f0e1396abca2cb82e469b45e097ca84c257ad436e9aee2fae2be1dde0e96dd8b013d29f2881e686360be87115a10e1c08a1d8a4ee700cb1db4cce5879289c629e20d02770a75ae7ab58b9a0ae42760f583463687efdffed657a66a067ee65904ca37635fc57907c95b5907be93ee9f18b79cd598fb697eebeef7555c20f04eba07593a9d3d1991bbd9411b618c202cf0fa500194a495f3464387e4e77e77bac6084ca9c0c2ef77bcb5314a8bb70a6dca02f019c7de71a430b41f0b08561734095e75980a61f5afe4a6515c3610cf4c793a3493caac6268caa1572c50860dd670479756e809ccb4d9ce089482f25709a3e65ce22faac6898ba7b8498b601644aba070bb381afbf47b66384d89853f40058ba5416b26be695242ca29c4483d00b65d1725738c4588dbd5f635093bce44cf0eb05f5805b69c49bfa12c1bed030a545e00b64ca56808a78c040ce07d7b5b4033324feef9b60a4359f6d85ad307494d32f6c3b45e74a48dd1a686fdc9631c5afa9e3182c5b30107cb9a2c1afaf8bb9975bf160525f082dd2c90307797e5dd9f31adc1af5e5a0e6bcdc4f45b215b43b7d33c252bb9c3d4d1ba04e5c41e381c32dadaea2feada4276b1805f3f9906379ac48d2a3dbce16a23cf8cd811565efa28a455640533541b2a700f96b3e13df5aadf58a285e5e061e1e3b37e63885c3de87862210c1a6963a202cccf5102eddf086b30b0dea0a96c00b8c489bcc58d6e40157113245acb55ff9b31e943dd181573e7a8f7c5db7624f99bc26a11b8ec2de5e46203a68908098becd8258ab8f710a6adfa338b688f647c7a118e274769d828a8dfc641091d0f57980a317b67e212ad1908ef206ee36261b6e299896b21d7b15eee287b5b5837eb644673cd86220a9ba4b487c1b1243876b84b7d156654652956563f07993b528657b67d007990aa7e14a6a4de0028bb4471dea3447f8689a68500a38c2b4b09facc3cdc7d4e6c3f725409e5498c86073420e9e970493396706f2fec308077266af9bc5fe1fde066e4868e42db2f3c6aa9439603ad253a62a84a983db41b39bb6581e76c0e3fbffbe6de0c72ab5cc1d0624416c767381cc3c10bd57fec44137bd2e3455768461b33e689306e0536fff6f4cc8e959e11fec7330487731f352da0f07da1d25d76b50350f7ab19fce9a138d25f51f02488ca03473f7a339e68c7631c02c2d88b8a45ee4189a951679a5f3f27207d9a206de98d763caf418df0e25186031e936ba72dd9606f6e02519025abd85bae72cd9eb55ccfd63840029395c8c763e8094816fe25f62e10bcd398d4408bad164b1784a17efcc520cc5817cf51e2092cf789b95fd7213f047c7ec86e1dbd05ce9a5208482cc7002d661fe52f2a517fa5604dec8cd87b4ef5e868184f48646d41e438afb7cb4f8a96386644fa501fe301e1e1f3fecd290a7252456cb2544459e579457dab9ed77c3209ca629c665df18a775ce77e738a6600d1b6c8623cc7b3d9dc458a8cbfef28e9d8ba8e76fcacd3842a524972fa17363a69c6ec7700f7074fd8cd851a28e7429f67d201c0eb88098a6849757f09bd4124e3dd6cbb034c3e6570c401113593193ae45fa91323cccedc4cb22da5871d53adf997b8dcf243ebba418624712fa023263a9c8dc82a14c4a8522e2eca665b7eab04a10928c7ed222782f0e74c9d89c860a09f368b6d7791b69de62f066b0a46daaf72413bd157ca69c0d897e1842f3a3dc08d860e08dfdb847c4993078a7f4745cd187d07af548670dcd73bac5eeb6f85ead3f70482232f716dee8fde6e66dcafb54c8b73965b51b9578b5e5bae80180c1630eed5559757d56da6699b116ee6fb0c6a01feb98660094816c049a03ec5160cf6e22179d566f5bc8ed98b6429b93bdcf314a0dfcb1f73db67f704dd1fd3efe28a3b4f67877d4a50632a1f96cfee9
User1,1924ef020515c2a3aa88f506092b8b1629adb71ad08cdbb37e6e8f003e8237c75cde0bc3dc8f0d774c537da7ac6ea38af5491aa8878256f50e16f4f9e474b0974863e2a8b054de6de9ba04cf8a3da94ea84c53a695bcdc40d6f8d535278891e93e45d3b8dbda7b8203589396a423a386c4f5d3e5c3f407637937bcdc9f4b8c836a931db40927d6adccda0082faeae228ac8da588ef25b19976c022497569a06bdf5cc1542eafc9c1d3a42417cc8b668cdca392bdbad88e31866bef6fe7aab93337b0af20ac7114aa5204999c1e7b80e7d0aa3da1b4e27a76de33d6dab61f43c89e466c11fea6b92a614f157ef93ee688fabe586d6059bb74ad30132ef4413987ad1a75386f8d40d7b0e97840adb4887ec4a9c9b7ba411f54a8d062cbc54025545922e7b0715af3e2646c00fc8a4b1725b9b667637563c3a443946ba30c76d70f10650b31af6c72084b497f7f3378e1591cce572f8b3d73198df9340e978a4e2f6befc54555d88b58b303f4c379c7f0856f8a89ef69d24b84db353869431d958ab483a6ceca4d034285311ff98a88dd0484af06fa1ab933e2b8a96efd952b42d08ab465236b3b6d69ddff98f917bd76381012050a7fee5a81a8591487fc2da036d1b594667dda4f8394368db64caea1647a342309bb8e2c6329403d674b2e15e62a8553be19af2cf8e56fa02f4d2cdb66c4edf0f38e6633af25dae662795cab0136b95311877259987849975ffca726d98fd5594ac28b0a715bc31c5cd409041b1a893ea9484fa866f425fe6232169a113f91f423475c8c8416ba9d70f74ba94b3974924d830d89e1b9c58b6928b8278145e7e95ec14a19063c1ebfd4419dd221dccae92d0f3aace2547cec4bba5118c8c530a81bb2d442c567e302507593b710c90537baa3e9cd41d7e49be6cb11a890c686184e8088e267bed66dce665fd61390e7819df34838138d9b65c91bbf0a42f5d12daa522aaeb2ee20574a2359200ba327b3286724f59716c57318262b9fcc16938496e3eba99fd6f00a76a2b4ec635c57c48af01057ff7bc13305df32dc8bfb6e9d7dc3d945e300dfa5e537710f35a7d79c28cd3d09c14f25eeb044fbf437bce57330129a365fa109013bb852b96de3aeaad88a9eae94dae00686aff8249e4e09b375a97b35254cd59420e9cd922ecb6be96efae288adbd98f1b6642a6d049f2dba59b760e127d395bf1c64ce2fb9433b170ae8709034e9451abffff13b0b16c1843e2335ac9c3606a81c4045dff8027445c581dec8de79cee4c04153eaa997719c7301b8d3c97e0a0eac78b4911552b2bee9d294cec03f2bd5a92a097e757f178ae6da1db991d179705e3f3a5fd346b223eed1f866e354a17f3e2e02ec84f5608a8e89ba4ff46f16e0f10f9df3771de639fea1e3cecefeec9bc710aec5fdfec82779bbb87dc396e83d48ab4e2c63bbf7db0946aeffd91c957534ed0a4d5d12708e06bba774daa3651255a219d4519f138cfee36792c36acaa9b739372121a5100ce2a70c0ee208bc82389dd5d3ee09d5f3f049477b7ee44536b969742c4957a958d7ed9ede67e29d0888f9443750d5a510fe87abb879ff6fc4dff0631f5ba9d2efb938b6a1292616f8f93accb2cd701339650efcc623ba85fa060e0cb8c6e27d76825bd0381006efc4f2584634d3f8467e2f0b3f0d1ccbfd24d193b24aab62d7d415159fc078251f7bc8e0acdbd49c43cd5bb07a3e0768fcd5881d4eee69d415357212951df16b693ad8095afe6c060c3811e269faeeb415164f80bc81e93e27ae4b44c68b2351bde36468ae5645083362c33e94caba90e589ef9e929e83a84e7bc480889b86ac18209b9e06fe1790dc5d344931036fe4e73aed336b7d15368241c8b86b6fcbf133865abdb056871d02a7bca38568e4de77edb07f2a06a8ce7cb750e21321a49b4d061cb429abdac0c0396d8682d886c8c8fc7f9ea6f4952eff62deccfe06fa7d917124e9088bd1161de420e850507d57f42dd7d29dc84a50a2411d42cf717ff7ae07c730bff809248828e38875ed2738a51efd1f57347a87b0b33cc0a83c38f2079aa0848d43cd4288818cf49abbae482acf67e78009f13e551861de8b6217c53eb8064303ba496ab69f4f32bc35a833912a4e078b359e37d3214252f8b93d3780d3b1f7fd23a15ff206d912c8de132ed4efb0a2f2ca6b6e2ded201e89cb413410e4228bf8d138b0c19a2fa449bc506921fd9c3926e00be7f31eb86fd5b33bcc5f4731cfcb9d08c62649a4517d5afa71773e8020ae937fdb2ad16befaff5f01493af84ca3d68207ca6e8cc2c23cd5fe369a46e3d7798eda354a979507b4abe64a603ac67baada5a351f18d665379f187f6d0fc1c12bb97792df3f3e670afcfd9c1172602999bf3d4266d85b466870571ba713a783b0b0ebcff0a58a2bba260e1827bd9c92091de9f08df53dfa9375e7d841632761b9fcebc0e9768b797e9f6a4de003bc807f176eee281dfb34e1bcc2beb53db7c4852eee20fdbafa4aa3c0da159be770d5459ac6cda85897b290243694e1acf692b4cd3e4e5c49450223ca4dc43e767449f3ff83a7e71ecba1df06f6f028b3be5b8d99fd9c82bcd8ade412a967b4b461abee96e5085262b56ae0c7a48974c914978e8e3732c8ceb9a61d5b0a5b78e5825d246241e04f2772a689938742d539beae660017a552fc26bb3ebec9e786d0904ca08d43d980f505b4ed18390e3a9f47d7a82c0e1ef43d9a2afebea74678dac686c6b58f141a8e4c224c8233b9e1d8a8be2f04ddc5645ab1dd9b6af1ff45e2e2c58db17b2bc2ecffcf783b2190ef948b0537a03f073c1723cac38b7268bf9031955aeafbe2ed66b8cd82b9fe785dbc48a7b959b7f43fffd348927d1c551e50a1073d4a13f7f4c9a8aecb77903558537b2d730773f4b4d420a1d24abeee4aff4d1ad891195bc580c01a86d37e0972cb86813c10143359d8d8f06579d17187a8a889390540aea34fef19c1d903950e4c179ecc125072deb667853e2335b56ab3608377c5b56431a2c053198041b80d684af12e46546729225cf21d5f3c6268928cab0843617bca8ebc6c71dd1a08dc86bfa4bf0f684c3094e8f690bbf11526656969d10fca3512f8624ec12bde9177b4fc009d31fb99888463791d64e3a6295550c1dfabb7281427ce51c93522f3ab04fe66e4a072ed4c6c169d62c5663716db67e0624cb81dad472015631275af866155337f7d0b993c4ff926423fb0d968e298c06a4299234113fc1adba894b6db601a4c7bb8bb724b0eb09a3d52b2b823c831527e8e5d3c3e64fd54c9d04f97b9d5ef54d5c48d221fe1f8b980c0e59cd5229e308e6cdab3c095649ce04f268c1074477ec1db5a5452f8ba26d023686995808fd830ece300d9b319fa9c20cacde4218482bad51c09e77af44ed741274dcb572e80d84e054be08e76aa1d79e583a5c089a8640d0f804e789da5b8708ac101c8bf8a664d1cfd78396e568a1385da26298d79547ac1af037bb6de6e43c14723c3fb06b64ec517886efe5a72f818a405507844f9987275dcffc13bc210c629b355dcad7ceeb0d16e43ef94ce071d245d176b3651b0b0e24a4aa9b0c3748a08eefff767c2351683b0af8e8d8c187b4373c7e14da26373be4ab2bb8a02e7a61432b21801f5613bca9467ad8cb778626d59554fa66c58c0181480b42832e74f0315c0b2fba222344e484067f0a142ed4d461d9f9ec058e0f7416741915d9fde60765bfcd7b5942f89d6b9f36d0cc98f4451bbf87698f45c93f08d330da7290377bd1af18222ecae44ae41cd070ad07ecebb14b327b950e7b7d9345d0fcdd2e121dd0c91b1543b5d4594e2f5d535ae4f64c5687fd6b264b640f2c4f55c4e9a329b66e9b0e4878cf4f68dea96e21f3cb61836d409f9e8dd399aa097625be8a21e33a741888880e9fc9afd4dfea51019c974f1d699c3ba58933467de608e31b491d1fd23ee95cc58e45b8108f62c8ecccc8b1a6f68f416724d9214b17d0670667c5bb61f17281e3506269f4e8c439b61d83550f8669de0e29d1cdf1bd7bb8da40166b9cb656d605e7114e5136e1002e924d0c4472cbc14fe5edfe11eb330f33638d0ab492a1a811bc4d240dde52659fe1646b3b8042e926cfac96ea8683d8e460c09d51a301dcce4156499809d75302824ac8dc0ada85949be65745c8b711fa26e8704efb12d231088eaa9520c96c5dbd2dc52870986a536f70af3da01772ea3c429852f58e2e920b94eac4abcaf04988ca237a23e151b5da79123450d55efd647dfdd984c23e00e060a535eb8d1499e5149e4d05b3997dd394f57be410f7af7fb957aaa1e40283753d48d0bcc5c00583627f3dab181893a033e5a9fad00714af12179501e64836a7d99f31f1beb0cee032357fbb3cc329cd7b249630dd226db8be694ad4b065706e405074523539515ea216c453b21a7c9ea951d0c912c8928661fade7caed0f206a052ea5695257849655139c15b1f612fcd6cbe2e3c37498df771a995617a0fd223a65ba31d57ad3002ce09732078a0fb7a84a3b52af15c9e1cecb233730a211a3b481a7f5be44d4dff5cbcf291782e22481e92ad08be834dd035afe755b209579c5d68741b86d0e9246555054c7e77791336735bdc01f3644473c2b9026959dbf4f03d6f31907b0e67d72ce2c9946461cc58d02b1a4ef56a813894cc8359ce7937c4fefd428936b691477e65f3d86b90765011622bf13afaf426ddf2f9019c8047be5a5e21513d00a73f9290070ac34c15c875d227530a1adb9394b3908fcfc947f239560a9d9f25c68f4e7916dd6feb9c1619215ae21b12f5ba0457d2165b1db641a8ee2f601193ff51b856a4d640526bc51daaf08604211a1ae9a8feef87856238fd70753360ae9d5b791c7adf484bc63a3a5e94714a4aa2508335b42a3cf2b2e0c36cc106901a89936b25b35ef89d0ef17a13720d476b099056f33882069e902d79c2d768c00f24101fa32a82ec7e77722c494227e99d797e3454d407d248a451e8106a5e2e37666dab22319ff37c723dd0a8c2fcd3935364ecd08364673b2555385cc378bdefec79257f2f869515aa68f299bebe40cccc1da859c7846f0d1dce10faa3e2ca752560c74dcf724d73a9180c01c7251b770b3b3e02d2eb9a64c8e8c919193cc6ae218458127fdb387e071e58cb1e7533528fde0e31cff74f0c1930a60b8e33d73e3758b650aadc3acef8f277e36aa8179419571cd744deb645ff2208be29a49838c0af33a37817663208ffe2dbbd11ea1ffdd5497cf63d9327e8b943ca9790157d9704bd3b7212fb9acbf9b20438eb3b1c173267697cf28b15a7c57b1e61f9b19ec3feb5b7f6fb6e46ffd5c2f32bd2533dd46c31b6b2809eee887b4720e3b54bc287e84097cdd695cca9193a9d79ba11781256a8f3e57f3a8d55de2b2177eacb1bbe1a172041e294121ee048982724f91ff8a705b4a62a4b7745a729875ba37f09f5c710266f5c4472f32548af5077a433c0e1d4f235b5ba92d5d92b653d81c86f0aa76d60f8a23b96605b1c053b3276c71bec3a72507c522cb052b149e77ad7ee921d358eff449c14cf03699fd55431433d01cefd033ab670b671b49ec7b26f254ef3f8a201c4a5b53093003ee5f44729d0a962136c22f763af2663476de721d9097de7acea2c9c38b43c4dab7b696667bbb0c8aefcc2f1e07279b78ebe56b856dc0bed88a7ff10b5809ddbf4ba749ea351ab239f9fae98c48724b9f00d6999b3a6c86621ec6508f3252f9f64e4e6a6c8c91ec083c1148325
User1,7f8dd8ff3585dbe61ed3a348e3c0c40b13002ef37322d2a51de055e094809fc6660589a82b7b86406bfcd3af3078c866aa8c7f5902d6a2aa87093b098d328a22bc6c09ad065a20e622a774221c0a3aeea4cbd80bd38b6c98f95474511ce8a4a70cf2cd94d1ff9ffffb010ead5e3c6a80db9967be67a9df84bf9218196fa407f44d1981286b36d3306eb080ba8ea873f4d749b6835368e951a6f938c33ffab4feaf157ce55d9413574691d1d74b01f51d10fc2a9a95a688b91ca246519855413ba4b827c17ea2c22b6b4aa747938c90d0bcb1692e009bc809ce871164b925eb203f837a6767ef2eca2f662be35be5fa8738d8a84d82f53c6efc6f5216db963fc2
User2,1d2b0b14a14f9ff72a8a7ee9de7b25ac2030db65f2331392e874795cfe6e19bb7667b2820e95eaa56fb69d5b00ab3fc599fd9ce3f5f80f5f2018665f356248a6eea82ce2af270990f31b53559fe02cad969c82b6164e1a2511760fcc0f7badb8ce4024547fc31d7fea3545628b57655796f983b329a77ba470425f80bad744597830e34853f3cf89922b75ac1f33fc976fc66af24b958d4844ac6117d99fe0873d7eb29c5ad320db2a0027d255b03cf0f3609604b4da7ff2386ee8ef3bcfda8e0d85dcce82e80720af25133f457b45e5e16165e0a56439112de2370bedc11be68445ce7f37bed3117edf93452a68caf8658e3e1c0657f177cce9f182d469a2b3
